quantile,effet_FCFA,IC_bas,IC_haut,signif
5,-7977.0,-15497.0,-3520.0,✓
10,-14344.0,-20580.0,-8995.0,✓
15,-19000.0,-22548.0,-12026.0,✓
20,-19500.0,-23502.0,-14500.0,✓
25,-19456.0,-24251.0,-14529.0,✓
30,-19227.0,-25002.0,-13977.0,✓
35,-19140.0,-24449.0,-13600.0,✓
40,-18405.0,-24237.0,-14168.0,✓
45,-18575.0,-24777.0,-12839.0,✓
50,-19220.0,-26807.0,-13259.0,✓
55,-21500.0,-28408.0,-14101.0,✓
60,-25232.0,-33379.0,-16434.0,✓
65,-26852.0,-35038.0,-18249.0,✓
70,-28559.0,-36885.0,-18844.0,✓
75,-30000.0,-44759.0,-20849.0,✓
80,-39080.0,-46924.0,-21546.0,✓
85,-36054.0,-51718.0,-23696.0,✓
90,-37253.0,-58396.0,-17709.0,✓
95,-40052.0,-116700.0,-13371.0,✓
